<?xml version="1.0" encoding="utf-8"?>
<odoo>
    <data noupdate="1">
        <!-- Patient ID Sequence -->
        <record id="seq_clinic_patient" model="ir.sequence">
            <field name="name">Patient Sequence</field>
            <field name="code">clinic.patient</field>
            <field name="prefix">PAT</field>
            <field name="padding">5</field>
            <field name="company_id" eval="False"/>
        </record>

        <!-- Appointment Sequence -->
        <record id="seq_clinic_appointment" model="ir.sequence">
            <field name="name">Appointment Sequence</field>
            <field name="code">clinic.appointment</field>
            <field name="prefix">APP</field>
            <field name="padding">5</field>
            <field name="company_id" eval="False"/>
        </record>
    </data>
</odoo>
