<?xml version="1.0" encoding="utf-8"?>
<odoo>
    <record id="module_clinic_management_category" model="ir.module.category">
        <field name="name">Clinic Management</field>
        <field name="description">User access level for Clinic Management System</field>
        <field name="sequence">20</field>
    </record>

    <record id="group_clinic_user" model="res.groups">
        <field name="name">User</field>
        <field name="category_id" ref="module_clinic_management_category"/>
        <field name="implied_ids" eval="[(4, ref('base.group_user'))]"/>
    </record>

    <record id="group_clinic_manager" model="res.groups">
        <field name="name">Manager</field>
        <field name="category_id" ref="module_clinic_management_category"/>
        <field name="implied_ids" eval="[(4, ref('group_clinic_user'))]"/>
        <field name="users" eval="[(4, ref('base.user_admin'))]"/>
    </record>
</odoo>
