id,name,model_id:id,group_id:id,perm_read,perm_write,perm_create,perm_unlink
access_clinic_doctor_user,clinic.doctor.user,model_clinic_doctor,group_clinic_user,1,1,1,0
access_clinic_doctor_manager,clinic.doctor.manager,model_clinic_doctor,group_clinic_manager,1,1,1,1
access_clinic_patient_user,clinic.patient.user,model_clinic_patient,group_clinic_user,1,1,1,0
access_clinic_patient_manager,clinic.patient.manager,model_clinic_patient,group_clinic_manager,1,1,1,1
access_clinic_appointment_user,clinic.appointment.user,model_clinic_appointment,group_clinic_user,1,1,1,0
access_clinic_appointment_manager,clinic.appointment.manager,model_clinic_appointment,group_clinic_manager,1,1,1,1
